"","var","rel.inf","run"
"logShelfAreaShallow","logShelfAreaShallow",25.7136545655792,1
"logtotalGearTonnes","logtotalGearTonnes",15.7257791428239,1
"logMang","logMang",14.9165980023254,1
"logProteinDiet","logProteinDiet",9.20379643836434,1
"WGI","WGI",7.83109295596448,1
"logCoastPop","logCoastPop",5.39386951988197,1
"logChondCatch","logChondCatch",5.10254706432153,1
"logGDP","logGDP",4.45336588545494,1
"HDI","HDI",3.55741701043163,1
"logEstDis","logEstDis",2.791800130752,1
"logFishEffort","logFishEffort",1.75401015551346,1
"logPprodMean","logPprodMean",1.18994856117454,1
"SstMean","SstMean",1.12840266387321,1
"speciessmall","speciessmall",0.578033736920752,1
"speciesgreen","speciesgreen",0.553099513935658,1
"specieslarge","specieslarge",0.106584652682986,1
"speciesdwarf","speciesdwarf",0,1
"speciesnarrow","speciesnarrow",0,1
"logShelfAreaShallow1","logShelfAreaShallow",24.5935833862263,13
"logMang1","logMang",15.8542377214901,13
"logtotalGearTonnes1","logtotalGearTonnes",14.6137778870686,13
"logProteinDiet1","logProteinDiet",9.56375629295605,13
"WGI1","WGI",7.22884617655236,13
"logGDP1","logGDP",5.10582190678516,13
"logChondCatch1","logChondCatch",4.84640419870188,13
"logCoastPop1","logCoastPop",4.72034527737122,13
"HDI1","HDI",4.07758384552464,13
"logEstDis1","logEstDis",3.1988297600471,13
"logFishEffort1","logFishEffort",1.98113347433597,13
"logPprodMean1","logPprodMean",1.93257393857859,13
"SstMean1","SstMean",1.31268064265399,13
"speciesgreen1","speciesgreen",0.482409430807005,13
"speciessmall1","speciessmall",0.321927685320113,13
"specieslarge1","specieslarge",0.166088375580885,13
"speciesdwarf1","speciesdwarf",0,13
"speciesnarrow1","speciesnarrow",0,13
"logShelfAreaShallow2","logShelfAreaShallow",26.4712322958579,23
"logMang2","logMang",16.1482864394657,23
"logtotalGearTonnes2","logtotalGearTonnes",15.5146026544639,23
"logProteinDiet2","logProteinDiet",9.46029784739404,23
"WGI2","WGI",7.2281896984679,23
"logCoastPop2","logCoastPop",4.68460875978059,23
"logGDP2","logGDP",4.61291923173331,23
"logChondCatch2","logChondCatch",3.28736396958068,23
"HDI2","HDI",2.94715002914204,23
"logEstDis2","logEstDis",2.69551617045167,23
"logPprodMean2","logPprodMean",2.27788263948912,23
"logFishEffort2","logFishEffort",2.24581483091961,23
"SstMean2","SstMean",1.58961964811603,23
"speciessmall2","speciessmall",0.369331987054912,23
"speciesgreen2","speciesgreen",0.348404329581956,23
"specieslarge2","specieslarge",0.118779468500649,23
"speciesdwarf2","speciesdwarf",0,23
"speciesnarrow2","speciesnarrow",0,23
"logShelfAreaShallow3","logShelfAreaShallow",24.7386422748149,32
"logMang3","logMang",14.7615269556406,32
"logtotalGearTonnes3","logtotalGearTonnes",14.7287477901472,32
"logProteinDiet3","logProteinDiet",9.02747606342907,32
"WGI3","WGI",7.21710889464876,32
"logGDP3","logGDP",5.67760320233546,32
"logChondCatch3","logChondCatch",5.56308826739959,32
"logCoastPop3","logCoastPop",4.97374531666723,32
"HDI3","HDI",3.10986526742904,32
"logEstDis3","logEstDis",2.84602631020384,32
"logFishEffort3","logFishEffort",2.14509784719878,32
"logPprodMean3","logPprodMean",1.98875213578036,32
"SstMean3","SstMean",1.84169168931187,32
"speciessmall3","speciessmall",0.680792519768966,32
"speciesgreen3","speciesgreen",0.431463492491108,32
"specieslarge3","specieslarge",0.268371972733193,32
"speciesdwarf3","speciesdwarf",0,32
"speciesnarrow3","speciesnarrow",0,32
"logShelfAreaShallow4","logShelfAreaShallow",23.7158895488985,42
"logMang4","logMang",14.8746175430481,42
"logtotalGearTonnes4","logtotalGearTonnes",14.2962248030173,42
"logProteinDiet4","logProteinDiet",9.67505635686462,42
"WGI4","WGI",7.17793090189819,42
"logGDP4","logGDP",6.17279839414399,42
"logChondCatch4","logChondCatch",4.97423068157186,42
"logCoastPop4","logCoastPop",4.68247083003621,42
"HDI4","HDI",3.39395039195303,42
"logEstDis4","logEstDis",3.24882625362011,42
"SstMean4","SstMean",2.34699022179672,42
"logFishEffort4","logFishEffort",2.1732314783315,42
"logPprodMean4","logPprodMean",2.11459131270983,42
"speciessmall4","speciessmall",0.624621339424769,42
"speciesgreen4","speciesgreen",0.321226909014012,42
"specieslarge4","specieslarge",0.207343033671265,42
"speciesdwarf4","speciesdwarf",0,42
"speciesnarrow4","speciesnarrow",0,42
"logShelfAreaShallow5","logShelfAreaShallow",24.0142005954116,54
"logMang5","logMang",14.4391850614168,54
"logtotalGearTonnes5","logtotalGearTonnes",13.8160276690916,54
"logProteinDiet5","logProteinDiet",8.7513139647138,54
"WGI5","WGI",6.64970118729046,54
"logGDP5","logGDP",6.49421173983802,54
"logChondCatch5","logChondCatch",4.83231195785323,54
"logCoastPop5","logCoastPop",4.51291921840993,54
"HDI5","HDI",4.02865084276215,54
"logEstDis5","logEstDis",3.64827734767845,54
"logFishEffort5","logFishEffort",3.16968968293604,54
"logPprodMean5","logPprodMean",2.58140004735245,54
"SstMean5","SstMean",1.76548674250798,54
"speciessmall5","speciessmall",0.577310997867961,54
"speciesgreen5","speciesgreen",0.426290024684457,54
"specieslarge5","specieslarge",0.293022920185155,54
"speciesdwarf5","speciesdwarf",0,54
"speciesnarrow5","speciesnarrow",0,54
"logShelfAreaShallow6","logShelfAreaShallow",23.9092909404555,68
"logMang6","logMang",14.2923785467738,68
"logtotalGearTonnes6","logtotalGearTonnes",13.7545569805468,68
"logProteinDiet6","logProteinDiet",9.01897360066088,68
"WGI6","WGI",7.54878986212575,68
"logGDP6","logGDP",6.04433285945832,68
"logChondCatch6","logChondCatch",5.39782541700457,68
"logCoastPop6","logCoastPop",4.67784036792521,68
"HDI6","HDI",3.6955031601513,68
"logEstDis6","logEstDis",3.27096176631424,68
"logPprodMean6","logPprodMean",2.53959252504006,68
"logFishEffort6","logFishEffort",2.41296628679089,68
"SstMean6","SstMean",1.92728370543134,68
"speciessmall6","speciessmall",0.67372388821194,68
"speciesgreen6","speciesgreen",0.603356563579063,68
"specieslarge6","specieslarge",0.232623529530439,68
"speciesdwarf6","speciesdwarf",0,68
"speciesnarrow6","speciesnarrow",0,68
"logShelfAreaShallow7","logShelfAreaShallow",24.5890754426967,78
"logtotalGearTonnes7","logtotalGearTonnes",14.2646090887015,78
"logMang7","logMang",14.1541046441517,78
"logProteinDiet7","logProteinDiet",8.98887781214736,78
"WGI7","WGI",6.99750639283125,78
"logGDP7","logGDP",6.29826232033042,78
"logChondCatch7","logChondCatch",4.94481385674496,78
"logCoastPop7","logCoastPop",4.48457833620744,78
"HDI7","HDI",3.80018824553652,78
"logEstDis7","logEstDis",3.31178055808553,78
"logFishEffort7","logFishEffort",2.61038958653563,78
"logPprodMean7","logPprodMean",2.36123969208161,78
"SstMean7","SstMean",1.74757830699236,78
"speciessmall7","speciessmall",0.682435189765444,78
"speciesgreen7","speciesgreen",0.545948307460341,78
"specieslarge7","specieslarge",0.218612219731258,78
"speciesdwarf7","speciesdwarf",0,78
"speciesnarrow7","speciesnarrow",0,78
"logShelfAreaShallow8","logShelfAreaShallow",25.3403695748218,89
"logMang8","logMang",14.7176090325387,89
"logtotalGearTonnes8","logtotalGearTonnes",14.4536791875088,89
"logProteinDiet8","logProteinDiet",9.37593207181977,89
"WGI8","WGI",6.93177764987338,89
"logGDP8","logGDP",5.65999102848707,89
"logChondCatch8","logChondCatch",5.30548125898233,89
"logCoastPop8","logCoastPop",4.69675417080555,89
"HDI8","HDI",3.57548056346837,89
"logEstDis8","logEstDis",2.95085997773898,89
"logFishEffort8","logFishEffort",2.23485651699142,89
"logPprodMean8","logPprodMean",2.15527877051647,89
"SstMean8","SstMean",1.45079318572429,89
"speciessmall8","speciessmall",0.624645338755312,89
"speciesgreen8","speciesgreen",0.361430820239372,89
"specieslarge8","specieslarge",0.165060851728472,89
"speciesdwarf8","speciesdwarf",0,89
"speciesnarrow8","speciesnarrow",0,89
"logShelfAreaShallow9","logShelfAreaShallow",25.0124322222417,99
"logMang9","logMang",14.5583818307069,99
"logtotalGearTonnes9","logtotalGearTonnes",14.4363241236549,99
"logProteinDiet9","logProteinDiet",9.22692322108208,99
"WGI9","WGI",6.85226628549732,99
"logGDP9","logGDP",6.29979229670679,99
"logChondCatch9","logChondCatch",4.87832011679259,99
"logCoastPop9","logCoastPop",4.62669970078644,99
"logEstDis9","logEstDis",3.60581757604669,99
"HDI9","HDI",3.39884066083049,99
"logFishEffort9","logFishEffort",2.50879067116638,99
"logPprodMean9","logPprodMean",1.91764123525233,99
"SstMean9","SstMean",1.48451294569637,99
"speciessmall9","speciessmall",0.528685904051561,99
"speciesgreen9","speciesgreen",0.432987627447016,99
"specieslarge9","specieslarge",0.231583582040478,99
"speciesdwarf9","speciesdwarf",0,99
"speciesnarrow9","speciesnarrow",0,99
"logShelfAreaShallow10","logShelfAreaShallow",25.1013242176914,109
"logtotalGearTonnes10","logtotalGearTonnes",14.6241887398732,109
"logMang10","logMang",14.1244191296975,109
"logProteinDiet10","logProteinDiet",9.76239636986048,109
"WGI10","WGI",8.4089703442391,109
"logGDP10","logGDP",5.02497230736244,109
"logCoastPop10","logCoastPop",4.86238255487335,109
"logChondCatch10","logChondCatch",4.83219622248395,109
"HDI10","HDI",3.52143756240355,109
"logEstDis10","logEstDis",3.40240429378704,109
"logPprodMean10","logPprodMean",1.85777895626133,109
"logFishEffort10","logFishEffort",1.85203540427656,109
"SstMean10","SstMean",1.51244209295697,109
"speciessmall10","speciessmall",0.588252923354584,109
"speciesgreen10","speciesgreen",0.307263669650921,109
"specieslarge10","specieslarge",0.217535211227618,109
"speciesdwarf10","speciesdwarf",0,109
"speciesnarrow10","speciesnarrow",0,109
"logShelfAreaShallow11","logShelfAreaShallow",24.8332754562968,119
"logMang11","logMang",16.2216120061166,119
"logtotalGearTonnes11","logtotalGearTonnes",14.4751587136439,119
"logProteinDiet11","logProteinDiet",9.74432859128854,119
"WGI11","WGI",6.90811083004102,119
"logChondCatch11","logChondCatch",5.55726463205096,119
"logGDP11","logGDP",4.79663901197398,119
"logCoastPop11","logCoastPop",4.52277428394541,119
"HDI11","HDI",3.42292578889158,119
"logFishEffort11","logFishEffort",2.43834476984199,119
"logEstDis11","logEstDis",2.35645245503056,119
"logPprodMean11","logPprodMean",2.18899303563298,119
"SstMean11","SstMean",1.55407539304146,119
"speciessmall11","speciessmall",0.579699593134664,119
"speciesgreen11","speciesgreen",0.293268579157889,119
"specieslarge11","specieslarge",0.107076859911641,119
"speciesdwarf11","speciesdwarf",0,119
"speciesnarrow11","speciesnarrow",0,119
"logShelfAreaShallow12","logShelfAreaShallow",24.0410479333138,129
"logMang12","logMang",14.9630081704451,129
"logtotalGearTonnes12","logtotalGearTonnes",14.2711567418524,129
"logProteinDiet12","logProteinDiet",9.66201279787583,129
"WGI12","WGI",7.26711980190157,129
"logGDP12","logGDP",5.95137775683581,129
"HDI12","HDI",4.58648221788696,129
"logChondCatch12","logChondCatch",4.57379235045079,129
"logCoastPop12","logCoastPop",4.4392491655846,129
"logFishEffort12","logFishEffort",2.61421236271018,129
"logEstDis12","logEstDis",2.58879048019667,129
"logPprodMean12","logPprodMean",2.3848189685918,129
"SstMean12","SstMean",1.45219277038615,129
"speciessmall12","speciessmall",0.577066098847316,129
"speciesgreen12","speciesgreen",0.34747198078344,129
"specieslarge12","specieslarge",0.280200402337609,129
"speciesdwarf12","speciesdwarf",0,129
"speciesnarrow12","speciesnarrow",0,129
"logShelfAreaShallow13","logShelfAreaShallow",24.2531573786182,139
"logMang13","logMang",15.4610851487369,139
"logtotalGearTonnes13","logtotalGearTonnes",13.8223399193474,139
"logProteinDiet13","logProteinDiet",9.36343270022792,139
"WGI13","WGI",6.87008714354627,139
"logGDP13","logGDP",6.15429090877061,139
"logCoastPop13","logCoastPop",5.04337698367084,139
"logChondCatch13","logChondCatch",4.82446440515656,139
"HDI13","HDI",3.85472700010096,139
"logEstDis13","logEstDis",3.03087282841847,139
"logPprodMean13","logPprodMean",2.24746648452008,139
"logFishEffort13","logFishEffort",2.05656907562916,139
"SstMean13","SstMean",1.34017537211609,139
"speciesgreen13","speciesgreen",0.772624428920799,139
"speciessmall13","speciessmall",0.690603474047904,139
"specieslarge13","specieslarge",0.214726748171777,139
"speciesdwarf13","speciesdwarf",0,139
"speciesnarrow13","speciesnarrow",0,139
"logShelfAreaShallow14","logShelfAreaShallow",24.135578039498,149
"logMang14","logMang",14.8981871378063,149
"logtotalGearTonnes14","logtotalGearTonnes",14.2176769252725,149
"logProteinDiet14","logProteinDiet",9.94076682846351,149
"WGI14","WGI",7.41846418767364,149
"logGDP14","logGDP",5.23040837839845,149
"logChondCatch14","logChondCatch",5.10888999501713,149
"logCoastPop14","logCoastPop",5.03481382453503,149
"HDI14","HDI",3.89754258515031,149
"logEstDis14","logEstDis",3.52416383929501,149
"logPprodMean14","logPprodMean",2.17128740139936,149
"logFishEffort14","logFishEffort",1.97027917833059,149
"SstMean14","SstMean",1.39997267101977,149
"speciessmall14","speciessmall",0.527125962454693,149
"speciesgreen14","speciesgreen",0.415285206257735,149
"specieslarge14","specieslarge",0.109557839427974,149
"speciesdwarf14","speciesdwarf",0,149
"speciesnarrow14","speciesnarrow",0,149
"logShelfAreaShallow15","logShelfAreaShallow",25.3973535185302,159
"logMang15","logMang",15.2276318017669,159
"logtotalGearTonnes15","logtotalGearTonnes",13.992852678306,159
"logProteinDiet15","logProteinDiet",9.25459124984901,159
"WGI15","WGI",7.40444866298025,159
"logGDP15","logGDP",5.38710376247296,159
"logChondCatch15","logChondCatch",4.90239464098879,159
"logCoastPop15","logCoastPop",4.49871099924007,159
"HDI15","HDI",3.58160116566306,159
"logEstDis15","logEstDis",3.12226665746875,159
"logFishEffort15","logFishEffort",2.56271607299405,159
"logPprodMean15","logPprodMean",1.91825940184479,159
"SstMean15","SstMean",1.56130295722391,159
"speciesgreen15","speciesgreen",0.599193647350292,159
"speciessmall15","speciessmall",0.447485792116312,159
"specieslarge15","specieslarge",0.142086991204617,159
"speciesdwarf15","speciesdwarf",0,159
"speciesnarrow15","speciesnarrow",0,159
"logShelfAreaShallow16","logShelfAreaShallow",24.4044826083322,169
"logMang16","logMang",14.6482563855105,169
"logtotalGearTonnes16","logtotalGearTonnes",13.7087462842403,169
"logProteinDiet16","logProteinDiet",9.53727255452219,169
"WGI16","WGI",7.41109205935213,169
"logChondCatch16","logChondCatch",5.82625314032596,169
"logCoastPop16","logCoastPop",5.56470720860654,169
"logGDP16","logGDP",5.3116273872698,169
"HDI16","HDI",3.39240314504997,169
"logEstDis16","logEstDis",2.80137014279101,169
"logFishEffort16","logFishEffort",2.51976904392385,169
"logPprodMean16","logPprodMean",2.36230701100628,169
"SstMean16","SstMean",1.39581805564679,169
"speciessmall16","speciessmall",0.490715643285982,169
"speciesgreen16","speciesgreen",0.431896296197767,169
"specieslarge16","specieslarge",0.193283033938629,169
"speciesdwarf16","speciesdwarf",0,169
"speciesnarrow16","speciesnarrow",0,169
"logShelfAreaShallow17","logShelfAreaShallow",25.0438419750771,179
"logtotalGearTonnes17","logtotalGearTonnes",16.540145192808,179
"logMang17","logMang",16.1606055623853,179
"logProteinDiet17","logProteinDiet",9.56566343975416,179
"WGI17","WGI",6.52961989319036,179
"logChondCatch17","logChondCatch",4.78420020472505,179
"logGDP17","logGDP",4.75357898666493,179
"logCoastPop17","logCoastPop",4.61945504942065,179
"HDI17","HDI",3.31850106441706,179
"logEstDis17","logEstDis",2.47207241630383,179
"logFishEffort17","logFishEffort",2.07040305570338,179
"logPprodMean17","logPprodMean",2.05835633037797,179
"SstMean17","SstMean",1.10247398706003,179
"speciessmall17","speciessmall",0.694546921049596,179
"specieslarge17","specieslarge",0.150706637870788,179
"speciesgreen17","speciesgreen",0.135829283191734,179
"speciesdwarf17","speciesdwarf",0,179
"speciesnarrow17","speciesnarrow",0,179
"logShelfAreaShallow18","logShelfAreaShallow",25.7972308286761,189
"logMang18","logMang",16.0617560398979,189
"logtotalGearTonnes18","logtotalGearTonnes",15.2603540585054,189
"logProteinDiet18","logProteinDiet",9.65245773782397,189
"WGI18","WGI",6.7987470619844,189
"logCoastPop18","logCoastPop",4.90342481560355,189
"logGDP18","logGDP",4.69336465615092,189
"logChondCatch18","logChondCatch",4.58866509325415,189
"HDI18","HDI",3.00922606027763,189
"logEstDis18","logEstDis",2.78676651872208,189
"logFishEffort18","logFishEffort",1.89733050388107,189
"logPprodMean18","logPprodMean",1.6952900368867,189
"SstMean18","SstMean",1.6144620643519,189
"speciessmall18","speciessmall",0.698180445800627,189
"speciesgreen18","speciesgreen",0.34837725695557,189
"specieslarge18","specieslarge",0.194366821228062,189
"speciesdwarf18","speciesdwarf",0,189
"speciesnarrow18","speciesnarrow",0,189
"logShelfAreaShallow19","logShelfAreaShallow",24.3042527279496,197
"logMang19","logMang",15.3274176343226,197
"logtotalGearTonnes19","logtotalGearTonnes",15.1304639414902,197
"logProteinDiet19","logProteinDiet",9.46501667534012,197
"WGI19","WGI",6.62979039699038,197
"logGDP19","logGDP",5.89364825769246,197
"logChondCatch19","logChondCatch",5.31377257977461,197
"logCoastPop19","logCoastPop",4.69245188620809,197
"HDI19","HDI",3.89909752292725,197
"logEstDis19","logEstDis",3.47146412987414,197
"logFishEffort19","logFishEffort",1.83795305709459,197
"logPprodMean19","logPprodMean",1.73820693857047,197
"SstMean19","SstMean",1.34704137332335,197
"speciesgreen19","speciesgreen",0.449191086491354,197
"speciessmall19","speciessmall",0.314322630123206,197
"specieslarge19","specieslarge",0.185909161827536,197
"speciesdwarf19","speciesdwarf",0,197
"speciesnarrow19","speciesnarrow",0,197
"logShelfAreaShallow20","logShelfAreaShallow",25.0080289216254,207
"logMang20","logMang",14.9683493663365,207
"logtotalGearTonnes20","logtotalGearTonnes",13.2474472291455,207
"logProteinDiet20","logProteinDiet",9.34441478814044,207
"WGI20","WGI",7.65692264868259,207
"logGDP20","logGDP",5.64317146341288,207
"logChondCatch20","logChondCatch",5.24594632906009,207
"logCoastPop20","logCoastPop",5.23937807404272,207
"HDI20","HDI",3.55322908482514,207
"logEstDis20","logEstDis",2.90055941851172,207
"logFishEffort20","logFishEffort",2.50691432190281,207
"logPprodMean20","logPprodMean",2.20158814407417,207
"SstMean20","SstMean",1.47260048098851,207
"speciessmall20","speciessmall",0.431805333613107,207
"speciesgreen20","speciesgreen",0.338252212837359,207
"specieslarge20","specieslarge",0.241392182801002,207
"speciesdwarf20","speciesdwarf",0,207
"speciesnarrow20","speciesnarrow",0,207
"logShelfAreaShallow21","logShelfAreaShallow",24.8635908322394,218
"logMang21","logMang",15.3375200175087,218
"logtotalGearTonnes21","logtotalGearTonnes",14.1428507455502,218
"logProteinDiet21","logProteinDiet",9.36418688490138,218
"WGI21","WGI",7.66032476938416,218
"logGDP21","logGDP",5.68729387884532,218
"logChondCatch21","logChondCatch",5.0734647901753,218
"logCoastPop21","logCoastPop",4.90671277416194,218
"HDI21","HDI",3.86711428711322,218
"logEstDis21","logEstDis",2.43422341944839,218
"logPprodMean21","logPprodMean",1.93425252897492,218
"SstMean21","SstMean",1.89165238220318,218
"logFishEffort21","logFishEffort",1.63151082252891,218
"speciessmall21","speciessmall",0.522643092738501,218
"speciesgreen21","speciesgreen",0.480730611322864,218
"specieslarge21","specieslarge",0.201928162903644,218
"speciesdwarf21","speciesdwarf",0,218
"speciesnarrow21","speciesnarrow",0,218
"logShelfAreaShallow22","logShelfAreaShallow",23.8812037411259,228
"logMang22","logMang",13.8425220204148,228
"logtotalGearTonnes22","logtotalGearTonnes",13.4161918814514,228
"logProteinDiet22","logProteinDiet",8.95275238343741,228
"WGI22","WGI",6.60683497595717,228
"logGDP22","logGDP",6.52543822101506,228
"logCoastPop22","logCoastPop",5.61708455925728,228
"logChondCatch22","logChondCatch",5.39997314382761,228
"HDI22","HDI",4.62978973521298,228
"logEstDis22","logEstDis",3.00345806905849,228
"logPprodMean22","logPprodMean",2.63226750358986,228
"logFishEffort22","logFishEffort",2.58880091550288,228
"SstMean22","SstMean",1.68878281374629,228
"speciessmall22","speciessmall",0.465488553109751,228
"speciesgreen22","speciesgreen",0.422918962378744,228
"specieslarge22","specieslarge",0.32649252091445,228
"speciesdwarf22","speciesdwarf",0,228
"speciesnarrow22","speciesnarrow",0,228
"logShelfAreaShallow23","logShelfAreaShallow",23.6466056465348,239
"logtotalGearTonnes23","logtotalGearTonnes",14.8734004476034,239
"logMang23","logMang",14.1979461244703,239
"logProteinDiet23","logProteinDiet",9.11663155999866,239
"WGI23","WGI",7.0109635266511,239
"logGDP23","logGDP",6.14490249660465,239
"logCoastPop23","logCoastPop",5.43666230619733,239
"logChondCatch23","logChondCatch",5.07173879534576,239
"HDI23","HDI",3.83626502407654,239
"logEstDis23","logEstDis",3.06944957053576,239
"logFishEffort23","logFishEffort",2.63814495728098,239
"logPprodMean23","logPprodMean",2.15626429333365,239
"SstMean23","SstMean",1.84607399268547,239
"speciessmall23","speciessmall",0.429554447612519,239
"speciesgreen23","speciesgreen",0.378074312824754,239
"specieslarge23","specieslarge",0.147322498244329,239
"speciesdwarf23","speciesdwarf",0,239
"speciesnarrow23","speciesnarrow",0,239
"logShelfAreaShallow24","logShelfAreaShallow",24.9574996466451,249
"logMang24","logMang",14.8494259940775,249
"logtotalGearTonnes24","logtotalGearTonnes",13.9185757522399,249
"logProteinDiet24","logProteinDiet",8.71252144250805,249
"WGI24","WGI",7.23361693988971,249
"logGDP24","logGDP",6.87765894647965,249
"logChondCatch24","logChondCatch",4.74785565257098,249
"logCoastPop24","logCoastPop",4.22387437376754,249
"HDI24","HDI",3.94503157942041,249
"logEstDis24","logEstDis",3.29534136894188,249
"logPprodMean24","logPprodMean",2.32236763825674,249
"logFishEffort24","logFishEffort",2.24830066977878,249
"SstMean24","SstMean",1.31265281882444,249
"speciessmall24","speciessmall",0.760071004084317,249
"speciesgreen24","speciesgreen",0.354267496179516,249
"specieslarge24","specieslarge",0.240938676335461,249
"speciesdwarf24","speciesdwarf",0,249
"speciesnarrow24","speciesnarrow",0,249
"logShelfAreaShallow25","logShelfAreaShallow",25.2533050966504,259
"logtotalGearTonnes25","logtotalGearTonnes",14.9017403618022,259
"logMang25","logMang",14.7275746471349,259
"logProteinDiet25","logProteinDiet",9.11442502458267,259
"WGI25","WGI",7.12532785094331,259
"logGDP25","logGDP",6.06261933939089,259
"logChondCatch25","logChondCatch",4.974202523684,259
"logCoastPop25","logCoastPop",4.59881768577657,259
"HDI25","HDI",3.13828464260613,259
"logEstDis25","logEstDis",3.11926197513886,259
"logFishEffort25","logFishEffort",2.43164996746114,259
"logPprodMean25","logPprodMean",2.01591307230948,259
"SstMean25","SstMean",1.3363900528364,259
"speciessmall25","speciessmall",0.579391377916291,259
"speciesgreen25","speciesgreen",0.362563718367089,259
"specieslarge25","specieslarge",0.258532663399723,259
"speciesdwarf25","speciesdwarf",0,259
"speciesnarrow25","speciesnarrow",0,259
"logShelfAreaShallow26","logShelfAreaShallow",25.3143134305406,270
"logMang26","logMang",15.2540732195747,270
"logtotalGearTonnes26","logtotalGearTonnes",15.1912014813172,270
"logProteinDiet26","logProteinDiet",9.68360428631001,270
"WGI26","WGI",7.34385650738619,270
"logGDP26","logGDP",5.15889514104743,270
"logCoastPop26","logCoastPop",5.07069405185761,270
"logChondCatch26","logChondCatch",4.57142154769722,270
"HDI26","HDI",3.04816156334391,270
"logEstDis26","logEstDis",2.86051518560817,270
"logPprodMean26","logPprodMean",2.1689052818598,270
"logFishEffort26","logFishEffort",1.79574931577141,270
"SstMean26","SstMean",1.48656366697643,270
"speciessmall26","speciessmall",0.570579566495827,270
"specieslarge26","specieslarge",0.241749153352279,270
"speciesgreen26","speciesgreen",0.239716600861169,270
"speciesdwarf26","speciesdwarf",0,270
"speciesnarrow26","speciesnarrow",0,270
"logShelfAreaShallow27","logShelfAreaShallow",25.8436516414738,280
"logMang27","logMang",15.6117886828403,280
"logtotalGearTonnes27","logtotalGearTonnes",14.7910331351028,280
"logProteinDiet27","logProteinDiet",9.14657722702297,280
"WGI27","WGI",7.02156654303171,280
"logGDP27","logGDP",5.35005107508002,280
"logChondCatch27","logChondCatch",4.35716409989746,280
"logCoastPop27","logCoastPop",4.26120149742401,280
"HDI27","HDI",3.59948888482004,280
"logEstDis27","logEstDis",3.24297569459984,280
"logFishEffort27","logFishEffort",2.19911510370289,280
"logPprodMean27","logPprodMean",1.8303657032889,280
"SstMean27","SstMean",1.5146037495525,280
"speciessmall27","speciessmall",0.625868264013265,280
"speciesgreen27","speciesgreen",0.466548312022921,280
"specieslarge27","specieslarge",0.138000386126563,280
"speciesdwarf27","speciesdwarf",0,280
"speciesnarrow27","speciesnarrow",0,280
"logShelfAreaShallow28","logShelfAreaShallow",24.3195682914331,289
"logtotalGearTonnes28","logtotalGearTonnes",14.6743763088511,289
"logMang28","logMang",14.3468720036963,289
"logProteinDiet28","logProteinDiet",9.41431357386198,289
"logGDP28","logGDP",6.62591778046236,289
"WGI28","WGI",6.49881425063464,289
"logCoastPop28","logCoastPop",5.07092771837078,289
"logChondCatch28","logChondCatch",4.877991466479,289
"HDI28","HDI",4.02556003292131,289
"logEstDis28","logEstDis",2.89593025320677,289
"logPprodMean28","logPprodMean",2.397752729457,289
"logFishEffort28","logFishEffort",2.14521215379886,289
"SstMean28","SstMean",1.43819788611626,289
"speciessmall28","speciessmall",0.656742512703909,289
"speciesgreen28","speciesgreen",0.405006570581645,289
"specieslarge28","specieslarge",0.206816467424994,289
"speciesdwarf28","speciesdwarf",0,289
"speciesnarrow28","speciesnarrow",0,289
"logShelfAreaShallow29","logShelfAreaShallow",23.8828926892658,300
"logMang29","logMang",16.7393845982502,300
"logtotalGearTonnes29","logtotalGearTonnes",13.8622625281087,300
"logProteinDiet29","logProteinDiet",9.11477343806424,300
"WGI29","WGI",7.18472057321296,300
"logGDP29","logGDP",5.36230347449632,300
"logChondCatch29","logChondCatch",4.54547685366438,300
"logCoastPop29","logCoastPop",4.48100757531734,300
"HDI29","HDI",4.36087784607544,300
"logEstDis29","logEstDis",3.29131165604534,300
"logFishEffort29","logFishEffort",2.36337672507941,300
"logPprodMean29","logPprodMean",1.99751483027857,300
"SstMean29","SstMean",1.43390874618589,300
"speciessmall29","speciessmall",0.679922072199139,300
"speciesgreen29","speciesgreen",0.498239828268164,300
"specieslarge29","specieslarge",0.202026565488105,300
"speciesdwarf29","speciesdwarf",0,300
"speciesnarrow29","speciesnarrow",0,300
"logShelfAreaShallow30","logShelfAreaShallow",26.618356636504,310
"logMang30","logMang",14.4299814649473,310
"logtotalGearTonnes30","logtotalGearTonnes",13.8471438947143,310
"logProteinDiet30","logProteinDiet",10.07085890842,310
"WGI30","WGI",6.82032071150263,310
"logGDP30","logGDP",5.15584910834623,310
"logChondCatch30","logChondCatch",4.95255591205068,310
"logCoastPop30","logCoastPop",4.90907330092551,310
"HDI30","HDI",3.45011069330187,310
"logEstDis30","logEstDis",3.1204907171865,310
"logFishEffort30","logFishEffort",2.10462993372816,310
"logPprodMean30","logPprodMean",1.84539982853567,310
"SstMean30","SstMean",1.37304900291712,310
"speciessmall30","speciessmall",0.659970744723783,310
"speciesgreen30","speciesgreen",0.435278030434305,310
"specieslarge30","specieslarge",0.206931111762001,310
"speciesdwarf30","speciesdwarf",0,310
"speciesnarrow30","speciesnarrow",0,310
"logShelfAreaShallow31","logShelfAreaShallow",23.8284005515222,319
"logMang31","logMang",14.5246658121589,319
"logtotalGearTonnes31","logtotalGearTonnes",13.507481198041,319
"logProteinDiet31","logProteinDiet",9.52296539796435,319
"WGI31","WGI",8.15783955588381,319
"logGDP31","logGDP",6.01188765023945,319
"logCoastPop31","logCoastPop",5.45701614341298,319
"logChondCatch31","logChondCatch",5.25992946303778,319
"HDI31","HDI",3.98702650970118,319
"logEstDis31","logEstDis",2.76873743442838,319
"logPprodMean31","logPprodMean",2.57496141756052,319
"logFishEffort31","logFishEffort",2.06817244852081,319
"SstMean31","SstMean",1.51769459723049,319
"speciessmall31","speciessmall",0.347776306682322,319
"speciesgreen31","speciesgreen",0.235270007757342,319
"specieslarge31","specieslarge",0.230175505858581,319
"speciesdwarf31","speciesdwarf",0,319
"speciesnarrow31","speciesnarrow",0,319
"logShelfAreaShallow32","logShelfAreaShallow",25.3488210167925,330
"logMang32","logMang",14.8091496571677,330
"logtotalGearTonnes32","logtotalGearTonnes",13.4534801380839,330
"logProteinDiet32","logProteinDiet",9.07238394019631,330
"WGI32","WGI",6.87852547353659,330
"logGDP32","logGDP",5.96367936057533,330
"logChondCatch32","logChondCatch",5.28873231176125,330
"logCoastPop32","logCoastPop",4.99626457500062,330
"HDI32","HDI",3.6455616235545,330
"logEstDis32","logEstDis",3.34547721511974,330
"logPprodMean32","logPprodMean",2.32094982858405,330
"logFishEffort32","logFishEffort",2.27431356800451,330
"SstMean32","SstMean",1.52211902214288,330
"speciessmall32","speciessmall",0.46106192206591,330
"speciesgreen32","speciesgreen",0.369377183156525,330
"specieslarge32","specieslarge",0.250103164257704,330
"speciesdwarf32","speciesdwarf",0,330
"speciesnarrow32","speciesnarrow",0,330
"logShelfAreaShallow33","logShelfAreaShallow",24.5396602588538,341
"logMang33","logMang",15.0985617810246,341
"logtotalGearTonnes33","logtotalGearTonnes",14.2891068846761,341
"logProteinDiet33","logProteinDiet",9.24529244464376,341
"WGI33","WGI",6.86832476563138,341
"logGDP33","logGDP",6.12217084731066,341
"logCoastPop33","logCoastPop",5.31780457106409,341
"logChondCatch33","logChondCatch",4.78335131786188,341
"HDI33","HDI",3.70929099320301,341
"logEstDis33","logEstDis",3.21880374946649,341
"logPprodMean33","logPprodMean",2.15431958909849,341
"logFishEffort33","logFishEffort",2.04144535523859,341
"SstMean33","SstMean",1.48440371432117,341
"speciessmall33","speciessmall",0.482502795028959,341
"speciesgreen33","speciesgreen",0.386005860474119,341
"specieslarge33","specieslarge",0.258955072102898,341
"speciesdwarf33","speciesdwarf",0,341
"speciesnarrow33","speciesnarrow",0,341
"logShelfAreaShallow34","logShelfAreaShallow",26.1332681340429,351
"logtotalGearTonnes34","logtotalGearTonnes",16.5845065013189,351
"logMang34","logMang",16.2084038682431,351
"logProteinDiet34","logProteinDiet",9.17145081949498,351
"WGI34","WGI",7.5282976137915,351
"logCoastPop34","logCoastPop",5.03619596357843,351
"logChondCatch34","logChondCatch",4.16128323808933,351
"logGDP34","logGDP",3.79708929433112,351
"HDI34","HDI",3.18254981495513,351
"logEstDis34","logEstDis",2.80699071532723,351
"logFishEffort34","logFishEffort",1.91155785258744,351
"logPprodMean34","logPprodMean",1.54595451988183,351
"SstMean34","SstMean",1.19705327833702,351
"speciessmall34","speciessmall",0.353069376451183,351
"speciesgreen34","speciesgreen",0.268727380531888,351
"specieslarge34","specieslarge",0.113601629037996,351
"speciesdwarf34","speciesdwarf",0,351
"speciesnarrow34","speciesnarrow",0,351
"logShelfAreaShallow35","logShelfAreaShallow",24.5420984611561,360
"logMang35","logMang",14.6660952388998,360
"logtotalGearTonnes35","logtotalGearTonnes",13.8805567039668,360
"logProteinDiet35","logProteinDiet",9.91350450168651,360
"WGI35","WGI",7.42076394161309,360
"logGDP35","logGDP",5.65409000806289,360
"logChondCatch35","logChondCatch",4.6021977721696,360
"logCoastPop35","logCoastPop",4.45698602389036,360
"HDI35","HDI",3.98352708932036,360
"logEstDis35","logEstDis",3.35903753123084,360
"logPprodMean35","logPprodMean",2.43562880635301,360
"logFishEffort35","logFishEffort",2.08944676572155,360
"SstMean35","SstMean",1.63561000070063,360
"speciessmall35","speciessmall",0.688911217017745,360
"speciesgreen35","speciesgreen",0.508996772347563,360
"specieslarge35","specieslarge",0.162549165863186,360
"speciesdwarf35","speciesdwarf",0,360
"speciesnarrow35","speciesnarrow",0,360
"logShelfAreaShallow36","logShelfAreaShallow",24.847829820661,370
"logtotalGearTonnes36","logtotalGearTonnes",15.0472301509744,370
"logMang36","logMang",14.8630266053034,370
"logProteinDiet36","logProteinDiet",9.5892893258255,370
"WGI36","WGI",7.78896140557277,370
"logGDP36","logGDP",5.6375622373407,370
"logChondCatch36","logChondCatch",5.40528810834938,370
"logCoastPop36","logCoastPop",4.41341583922094,370
"HDI36","HDI",2.86954748966454,370
"logEstDis36","logEstDis",2.75776157924723,370
"logPprodMean36","logPprodMean",2.04777109699471,370
"SstMean36","SstMean",1.88601824350879,370
"logFishEffort36","logFishEffort",1.87077928361454,370
"speciessmall36","speciessmall",0.483158230909186,370
"speciesgreen36","speciesgreen",0.283110833526392,370
"specieslarge36","specieslarge",0.209249749286559,370
"speciesdwarf36","speciesdwarf",0,370
"speciesnarrow36","speciesnarrow",0,370
"logShelfAreaShallow37","logShelfAreaShallow",23.6677464307605,378
"logMang37","logMang",14.1278348438359,378
"logtotalGearTonnes37","logtotalGearTonnes",13.9985134676997,378
"logProteinDiet37","logProteinDiet",9.90953074078619,378
"WGI37","WGI",6.63160139660226,378
"logGDP37","logGDP",5.82071031995614,378
"logCoastPop37","logCoastPop",5.72845382902913,378
"logChondCatch37","logChondCatch",5.48027704081653,378
"HDI37","HDI",3.93910822557408,378
"logEstDis37","logEstDis",3.69210934617545,378
"logFishEffort37","logFishEffort",2.40612589713145,378
"logPprodMean37","logPprodMean",2.12141264592899,378
"SstMean37","SstMean",1.24014412484628,378
"speciesgreen37","speciesgreen",0.589772397841828,378
"speciessmall37","speciessmall",0.401303857332083,378
"specieslarge37","specieslarge",0.245355435683476,378
"speciesdwarf37","speciesdwarf",0,378
"speciesnarrow37","speciesnarrow",0,378
"logShelfAreaShallow38","logShelfAreaShallow",24.6255565221471,388
"logtotalGearTonnes38","logtotalGearTonnes",14.3723332379676,388
"logMang38","logMang",14.1286734081477,388
"logProteinDiet38","logProteinDiet",9.26930206780823,388
"WGI38","WGI",7.12843203513495,388
"logGDP38","logGDP",5.80069319996457,388
"logCoastPop38","logCoastPop",5.41734632994669,388
"logChondCatch38","logChondCatch",4.92405999190825,388
"HDI38","HDI",4.20556556716112,388
"logEstDis38","logEstDis",3.15370336566534,388
"logFishEffort38","logFishEffort",2.23195758373939,388
"logPprodMean38","logPprodMean",2.07013229192347,388
"SstMean38","SstMean",1.64137763106126,388
"speciesgreen38","speciesgreen",0.424842606773764,388
"speciessmall38","speciessmall",0.387636813597688,388
"specieslarge38","specieslarge",0.218387347052846,388
"speciesdwarf38","speciesdwarf",0,388
"speciesnarrow38","speciesnarrow",0,388
"logShelfAreaShallow39","logShelfAreaShallow",24.3511166185637,398
"logMang39","logMang",14.7172301987693,398
"logtotalGearTonnes39","logtotalGearTonnes",14.0835743044149,398
"logProteinDiet39","logProteinDiet",9.50921448931707,398
"WGI39","WGI",6.94687211532356,398
"logGDP39","logGDP",5.88989233675692,398
"logChondCatch39","logChondCatch",4.8503157200978,398
"logCoastPop39","logCoastPop",4.83863008068631,398
"HDI39","HDI",3.93397730801622,398
"logEstDis39","logEstDis",3.23692769790769,398
"logFishEffort39","logFishEffort",2.3348681944681,398
"logPprodMean39","logPprodMean",2.2593805036678,398
"SstMean39","SstMean",1.83073104662551,398
"speciessmall39","speciessmall",0.588896116568014,398
"speciesgreen39","speciesgreen",0.416235689633234,398
"specieslarge39","specieslarge",0.212137579183848,398
"speciesdwarf39","speciesdwarf",0,398
"speciesnarrow39","speciesnarrow",0,398
"logShelfAreaShallow40","logShelfAreaShallow",24.8960887310812,410
"logMang40","logMang",15.5367524730718,410
"logtotalGearTonnes40","logtotalGearTonnes",14.1109034124037,410
"logProteinDiet40","logProteinDiet",8.60908563331964,410
"WGI40","WGI",6.78920132258502,410
"logGDP40","logGDP",6.03051018480108,410
"logChondCatch40","logChondCatch",5.52557435998672,410
"logCoastPop40","logCoastPop",4.74190549381842,410
"HDI40","HDI",3.49242708876356,410
"logEstDis40","logEstDis",3.07199760899551,410
"logPprodMean40","logPprodMean",2.30275825995137,410
"logFishEffort40","logFishEffort",2.13894940875466,410
"SstMean40","SstMean",1.50315829721545,410
"speciessmall40","speciessmall",0.521924774711599,410
"specieslarge40","specieslarge",0.365210614652104,410
"speciesgreen40","speciesgreen",0.36355233588819,410
"speciesdwarf40","speciesdwarf",0,410
"speciesnarrow40","speciesnarrow",0,410
"logShelfAreaShallow41","logShelfAreaShallow",26.9435025861859,420
"logMang41","logMang",16.1936091919891,420
"logtotalGearTonnes41","logtotalGearTonnes",15.5303764866089,420
"logProteinDiet41","logProteinDiet",9.63160752618339,420
"WGI41","WGI",8.07118481524786,420
"logChondCatch41","logChondCatch",4.98573299128825,420
"logCoastPop41","logCoastPop",4.33491328462562,420
"logEstDis41","logEstDis",3.53157082513956,420
"logGDP41","logGDP",3.20110503501018,420
"HDI41","HDI",2.77345044067114,420
"logPprodMean41","logPprodMean",1.45049774162518,420
"logFishEffort41","logFishEffort",1.33506945391914,420
"SstMean41","SstMean",1.15892676509596,420
"speciesgreen41","speciesgreen",0.482029231532225,420
"speciessmall41","speciessmall",0.23885830981504,420
"specieslarge41","specieslarge",0.137565315062607,420
"speciesdwarf41","speciesdwarf",0,420
"speciesnarrow41","speciesnarrow",0,420
"logShelfAreaShallow42","logShelfAreaShallow",25.724133251625,430
"logMang42","logMang",14.5982722422058,430
"logtotalGearTonnes42","logtotalGearTonnes",14.3995458540805,430
"logProteinDiet42","logProteinDiet",8.57561260693924,430
"logGDP42","logGDP",6.12248943200759,430
"WGI42","WGI",6.09705875458348,430
"logChondCatch42","logChondCatch",5.18120484851053,430
"logCoastPop42","logCoastPop",5.12500334310282,430
"HDI42","HDI",3.92715782439695,430
"logEstDis42","logEstDis",3.05027077154347,430
"logPprodMean42","logPprodMean",2.25985284868683,430
"logFishEffort42","logFishEffort",2.18665007835558,430
"SstMean42","SstMean",1.49911324369902,430
"speciesgreen42","speciesgreen",0.606529713526691,430
"speciessmall42","speciessmall",0.409559973422736,430
"specieslarge42","specieslarge",0.237545213313749,430
"speciesdwarf42","speciesdwarf",0,430
"speciesnarrow42","speciesnarrow",0,430
"logShelfAreaShallow43","logShelfAreaShallow",25.6742663079392,440
"logtotalGearTonnes43","logtotalGearTonnes",14.5577135036054,440
"logMang43","logMang",13.6989957623335,440
"logProteinDiet43","logProteinDiet",9.25178245789952,440
"WGI43","WGI",6.62629039990161,440
"logGDP43","logGDP",6.03896019392786,440
"logCoastPop43","logCoastPop",5.0871315845023,440
"logChondCatch43","logChondCatch",4.2002221018483,440
"HDI43","HDI",4.17443606437225,440
"logEstDis43","logEstDis",3.3879181868116,440
"logFishEffort43","logFishEffort",2.35543246886232,440
"logPprodMean43","logPprodMean",1.82307683397235,440
"SstMean43","SstMean",1.81945627893954,440
"speciessmall43","speciessmall",0.566706962980585,440
"speciesgreen43","speciesgreen",0.479539167554874,440
"specieslarge43","specieslarge",0.258071724548803,440
"speciesdwarf43","speciesdwarf",0,440
"speciesnarrow43","speciesnarrow",0,440
"logShelfAreaShallow44","logShelfAreaShallow",24.8630310067398,450
"logMang44","logMang",15.1927005265711,450
"logtotalGearTonnes44","logtotalGearTonnes",14.2624264076576,450
"logProteinDiet44","logProteinDiet",9.30279221596158,450
"WGI44","WGI",7.04714592271699,450
"logGDP44","logGDP",5.86434155807105,450
"logChondCatch44","logChondCatch",5.05531762663655,450
"logCoastPop44","logCoastPop",3.92546475265325,450
"HDI44","HDI",3.45506249722919,450
"logEstDis44","logEstDis",2.94586027921199,450
"logFishEffort44","logFishEffort",2.56601760979984,450
"logPprodMean44","logPprodMean",2.40350856285964,450
"SstMean44","SstMean",1.65272235645166,450
"speciessmall44","speciessmall",0.676232151224697,450
"speciesgreen44","speciesgreen",0.487849013930335,450
"specieslarge44","specieslarge",0.29952751228475,450
"speciesdwarf44","speciesdwarf",0,450
"speciesnarrow44","speciesnarrow",0,450
"logShelfAreaShallow45","logShelfAreaShallow",25.2752709787889,460
"logMang45","logMang",14.863661372636,460
"logtotalGearTonnes45","logtotalGearTonnes",14.0361926329516,460
"logProteinDiet45","logProteinDiet",8.92759666415657,460
"WGI45","WGI",7.05367176072093,460
"logGDP45","logGDP",5.32748238079098,460
"logChondCatch45","logChondCatch",5.14264112621739,460
"logCoastPop45","logCoastPop",4.8021138348089,460
"HDI45","HDI",3.85005875464475,460
"logEstDis45","logEstDis",3.18041802418297,460
"logPprodMean45","logPprodMean",2.44737397948947,460
"logFishEffort45","logFishEffort",2.3828476372018,460
"SstMean45","SstMean",1.46407677964359,460
"speciessmall45","speciessmall",0.637110104941435,460
"speciesgreen45","speciesgreen",0.414816108451578,460
"specieslarge45","specieslarge",0.194667860373114,460
"speciesdwarf45","speciesdwarf",0,460
"speciesnarrow45","speciesnarrow",0,460
"logShelfAreaShallow46","logShelfAreaShallow",26.0125160603799,470
"logMang46","logMang",15.7479321529053,470
"logtotalGearTonnes46","logtotalGearTonnes",14.2186265051064,470
"logProteinDiet46","logProteinDiet",10.2598980073838,470
"WGI46","WGI",7.11069215790113,470
"logGDP46","logGDP",4.8734907618665,470
"logChondCatch46","logChondCatch",4.59372881223602,470
"logCoastPop46","logCoastPop",4.24944097855546,470
"HDI46","HDI",3.48579164157956,470
"logEstDis46","logEstDis",3.18809331596719,470
"logFishEffort46","logFishEffort",1.98576836288409,470
"logPprodMean46","logPprodMean",1.82500328732291,470
"SstMean46","SstMean",1.13435901907159,470
"speciessmall46","speciessmall",0.527702526166831,470
"speciesgreen46","speciesgreen",0.523967555862106,470
"specieslarge46","specieslarge",0.26298885481119,470
"speciesdwarf46","speciesdwarf",0,470
"speciesnarrow46","speciesnarrow",0,470
"logShelfAreaShallow47","logShelfAreaShallow",23.9791624228855,480
"logMang47","logMang",14.6177468398485,480
"logtotalGearTonnes47","logtotalGearTonnes",13.8573528053657,480
"logProteinDiet47","logProteinDiet",9.26300231342612,480
"WGI47","WGI",7.30272459835813,480
"logGDP47","logGDP",6.23702352392278,480
"logCoastPop47","logCoastPop",5.73554459535205,480
"logChondCatch47","logChondCatch",4.93206508203564,480
"HDI47","HDI",4.02016880552705,480
"logEstDis47","logEstDis",2.85097931971168,480
"logPprodMean47","logPprodMean",2.11663743943708,480
"logFishEffort47","logFishEffort",2.0704251822892,480
"SstMean47","SstMean",1.54044149290331,480
"speciessmall47","speciessmall",0.776761368234442,480
"speciesgreen47","speciesgreen",0.439800498638508,480
"specieslarge47","specieslarge",0.26016371206437,480
"speciesdwarf47","speciesdwarf",0,480
"speciesnarrow47","speciesnarrow",0,480
"logShelfAreaShallow48","logShelfAreaShallow",24.8192776337116,490
"logMang48","logMang",14.0944116480969,490
"logtotalGearTonnes48","logtotalGearTonnes",13.9716523877099,490
"logProteinDiet48","logProteinDiet",9.63970653567873,490
"WGI48","WGI",7.22806344138452,490
"logGDP48","logGDP",5.84922655968277,490
"logChondCatch48","logChondCatch",5.21408201698254,490
"logCoastPop48","logCoastPop",4.8824812533237,490
"HDI48","HDI",3.97669753611351,490
"logEstDis48","logEstDis",2.83711278722237,490
"logFishEffort48","logFishEffort",2.6894775166339,490
"logPprodMean48","logPprodMean",1.9394809685729,490
"SstMean48","SstMean",1.77752550372531,490
"speciesgreen48","speciesgreen",0.463576071412004,490
"speciessmall48","speciessmall",0.448497171565113,490
"specieslarge48","specieslarge",0.168730968184296,490
"speciesdwarf48","speciesdwarf",0,490
"speciesnarrow48","speciesnarrow",0,490
"logShelfAreaShallow49","logShelfAreaShallow",25.3850704157118,500
"logtotalGearTonnes49","logtotalGearTonnes",14.9010400291158,500
"logMang49","logMang",13.8674175689878,500
"logProteinDiet49","logProteinDiet",8.6904449058069,500
"WGI49","WGI",7.40273490314187,500
"logGDP49","logGDP",5.66215132915836,500
"logCoastPop49","logCoastPop",5.02964277298064,500
"logChondCatch49","logChondCatch",4.86030672338077,500
"HDI49","HDI",3.84055714392493,500
"logEstDis49","logEstDis",3.10079920267842,500
"logPprodMean49","logPprodMean",2.28556421808363,500
"logFishEffort49","logFishEffort",2.22593038295572,500
"SstMean49","SstMean",1.49070736398566,500
"speciesgreen49","speciesgreen",0.536022533613252,500
"speciessmall49","speciessmall",0.459408851389359,500
"specieslarge49","specieslarge",0.262201655085163,500
"speciesdwarf49","speciesdwarf",0,500
"speciesnarrow49","speciesnarrow",0,500
"logShelfAreaShallow50","logShelfAreaShallow",23.728446313383,510
"logMang50","logMang",15.3615187514674,510
"logtotalGearTonnes50","logtotalGearTonnes",14.3110278004891,510
"logProteinDiet50","logProteinDiet",9.05256280631344,510
"WGI50","WGI",6.85148494184978,510
"logGDP50","logGDP",5.75550209449948,510
"logCoastPop50","logCoastPop",5.68909291625113,510
"logChondCatch50","logChondCatch",5.18073530488774,510
"HDI50","HDI",3.94993848449562,510
"logPprodMean50","logPprodMean",2.45972279334833,510
"logFishEffort50","logFishEffort",2.43534100844955,510
"logEstDis50","logEstDis",2.25885150174401,510
"SstMean50","SstMean",1.62600006985878,510
"speciesgreen50","speciesgreen",0.530692494619232,510
"speciessmall50","speciessmall",0.496857575327455,510
"specieslarge50","specieslarge",0.31222514301587,510
"speciesdwarf50","speciesdwarf",0,510
"speciesnarrow50","speciesnarrow",0,510
"logShelfAreaShallow51","logShelfAreaShallow",24.5602978732764,520
"logtotalGearTonnes51","logtotalGearTonnes",13.7290993398448,520
"logMang51","logMang",13.5897184316085,520
"logProteinDiet51","logProteinDiet",9.18424545016897,520
"WGI51","WGI",7.9411721045761,520
"logGDP51","logGDP",6.33904065377073,520
"logChondCatch51","logChondCatch",5.25825079517888,520
"logCoastPop51","logCoastPop",4.9106784797208,520
"HDI51","HDI",3.61185319999879,520
"logEstDis51","logEstDis",3.28961110315766,520
"logPprodMean51","logPprodMean",2.68880217717904,520
"logFishEffort51","logFishEffort",2.04215877365113,520
"SstMean51","SstMean",1.67174098553489,520
"speciesgreen51","speciesgreen",0.449866490893246,520
"speciessmall51","speciessmall",0.398041667451161,520
"specieslarge51","specieslarge",0.335422473988867,520
"speciesdwarf51","speciesdwarf",0,520
"speciesnarrow51","speciesnarrow",0,520
"logShelfAreaShallow52","logShelfAreaShallow",26.4706673531859,530
"logMang52","logMang",15.5712923316149,530
"logtotalGearTonnes52","logtotalGearTonnes",15.1954857515088,530
"logProteinDiet52","logProteinDiet",9.89267883195669,530
"WGI52","WGI",7.38111123103623,530
"logChondCatch52","logChondCatch",4.98377521168393,530
"logCoastPop52","logCoastPop",4.28792370660132,530
"logGDP52","logGDP",4.28464961487593,530
"HDI52","HDI",3.32606451703177,530
"logEstDis52","logEstDis",2.77677109460882,530
"logFishEffort52","logFishEffort",1.87840857698623,530
"logPprodMean52","logPprodMean",1.79010682397499,530
"SstMean52","SstMean",1.23873061169157,530
"speciessmall52","speciessmall",0.42485799434966,530
"speciesgreen52","speciesgreen",0.323438951436273,530
"specieslarge52","specieslarge",0.174037397456985,530
"speciesdwarf52","speciesdwarf",0,530
"speciesnarrow52","speciesnarrow",0,530
"logShelfAreaShallow53","logShelfAreaShallow",24.7039225512896,540
"logtotalGearTonnes53","logtotalGearTonnes",14.7881827901977,540
"logMang53","logMang",14.6614530542375,540
"logProteinDiet53","logProteinDiet",10.0458353855302,540
"WGI53","WGI",7.11168108224162,540
"logCoastPop53","logCoastPop",5.29160559263966,540
"logGDP53","logGDP",5.17996654228574,540
"logChondCatch53","logChondCatch",4.46865029324232,540
"HDI53","HDI",3.84574178762877,540
"logEstDis53","logEstDis",2.92958107180867,540
"logPprodMean53","logPprodMean",2.22709597835616,540
"logFishEffort53","logFishEffort",2.01633987070888,540
"SstMean53","SstMean",1.48761240572755,540
"speciessmall53","speciessmall",0.608780389724892,540
"speciesgreen53","speciesgreen",0.476953519111915,540
"specieslarge53","specieslarge",0.1565976852688,540
"speciesdwarf53","speciesdwarf",0,540
"speciesnarrow53","speciesnarrow",0,540
"logShelfAreaShallow54","logShelfAreaShallow",25.1987135164201,550
"logMang54","logMang",14.2288293560265,550
"logtotalGearTonnes54","logtotalGearTonnes",13.5231534760893,550
"logProteinDiet54","logProteinDiet",9.89631966176277,550
"WGI54","WGI",8.14173281595699,550
"logGDP54","logGDP",5.4031187036319,550
"logChondCatch54","logChondCatch",5.34379024336341,550
"logCoastPop54","logCoastPop",4.74058763987692,550
"HDI54","HDI",3.67310132715411,550
"logEstDis54","logEstDis",3.07656224882245,550
"logPprodMean54","logPprodMean",2.30771343598797,550
"logFishEffort54","logFishEffort",1.84751438831375,550
"SstMean54","SstMean",1.44277591036916,550
"speciessmall54","speciessmall",0.625243036628009,550
"speciesgreen54","speciesgreen",0.431680220114278,550
"specieslarge54","specieslarge",0.119164019482307,550
"speciesdwarf54","speciesdwarf",0,550
"speciesnarrow54","speciesnarrow",0,550
"logShelfAreaShallow55","logShelfAreaShallow",24.9702464852885,561
"logtotalGearTonnes55","logtotalGearTonnes",14.9429916755152,561
"logMang55","logMang",14.7530829777678,561
"logProteinDiet55","logProteinDiet",9.79431243247981,561
"WGI55","WGI",7.58842549828258,561
"logGDP55","logGDP",5.37086938396982,561
"logChondCatch55","logChondCatch",4.52892143552528,561
"logCoastPop55","logCoastPop",4.37628920296729,561
"HDI55","HDI",3.61390687222146,561
"logEstDis55","logEstDis",3.10741682176892,561
"logPprodMean55","logPprodMean",2.16562435294805,561
"logFishEffort55","logFishEffort",2.04741893664615,561
"SstMean55","SstMean",1.34467316300643,561
"speciessmall55","speciessmall",0.684848154487143,561
"speciesgreen55","speciesgreen",0.480608754778356,561
"specieslarge55","specieslarge",0.230363852347159,561
"speciesdwarf55","speciesdwarf",0,561
"speciesnarrow55","speciesnarrow",0,561
"logShelfAreaShallow56","logShelfAreaShallow",25.2170673611357,570
"logMang56","logMang",15.7063280005894,570
"logtotalGearTonnes56","logtotalGearTonnes",14.0338120516208,570
"logProteinDiet56","logProteinDiet",9.21668395212677,570
"WGI56","WGI",6.99673506843607,570
"logGDP56","logGDP",5.51597812645314,570
"logCoastPop56","logCoastPop",4.50992966564918,570
"logChondCatch56","logChondCatch",4.45325335489933,570
"HDI56","HDI",3.58570964115428,570
"logEstDis56","logEstDis",3.35529632372981,570
"logFishEffort56","logFishEffort",2.34347708577706,570
"logPprodMean56","logPprodMean",1.91784067958818,570
"SstMean56","SstMean",1.52310270934231,570
"speciessmall56","speciessmall",0.776419094191061,570
"speciesgreen56","speciesgreen",0.653700429326243,570
"specieslarge56","specieslarge",0.194666455980734,570
"speciesdwarf56","speciesdwarf",0,570
"speciesnarrow56","speciesnarrow",0,570
"logShelfAreaShallow57","logShelfAreaShallow",25.1568559795699,580
"logMang57","logMang",15.6786679839686,580
"logtotalGearTonnes57","logtotalGearTonnes",14.605365403275,580
"logProteinDiet57","logProteinDiet",10.2912519566387,580
"WGI57","WGI",7.84257392526875,580
"logGDP57","logGDP",4.88476371444535,580
"logCoastPop57","logCoastPop",4.6010257206711,580
"logChondCatch57","logChondCatch",4.51911211258792,580
"HDI57","HDI",3.48987558707709,580
"logEstDis57","logEstDis",2.4303194365566,580
"logPprodMean57","logPprodMean",2.13141607190577,580
"logFishEffort57","logFishEffort",1.82793751516562,580
"SstMean57","SstMean",1.55391215040056,580
"speciessmall57","speciessmall",0.634950229963926,580
"speciesgreen57","speciesgreen",0.211507926490006,580
"specieslarge57","specieslarge",0.140464286015108,580
"speciesdwarf57","speciesdwarf",0,580
"speciesnarrow57","speciesnarrow",0,580
"logShelfAreaShallow58","logShelfAreaShallow",24.5337572497737,590
"logMang58","logMang",16.1971336425999,590
"logtotalGearTonnes58","logtotalGearTonnes",15.9794902932677,590
"logProteinDiet58","logProteinDiet",9.20373570592306,590
"WGI58","WGI",7.20441858278887,590
"logGDP58","logGDP",4.70177391271681,590
"logCoastPop58","logCoastPop",4.41939464058973,590
"logChondCatch58","logChondCatch",4.34296960077474,590
"HDI58","HDI",3.65798166200723,590
"logEstDis58","logEstDis",2.93749057517254,590
"logPprodMean58","logPprodMean",2.34287004423875,590
"logFishEffort58","logFishEffort",2.02534581611613,590
"SstMean58","SstMean",1.02614954904667,590
"speciessmall58","speciessmall",0.6526608125072,590
"speciesgreen58","speciesgreen",0.509154562451718,590
"specieslarge58","specieslarge",0.265673350025234,590
"speciesdwarf58","speciesdwarf",0,590
"speciesnarrow58","speciesnarrow",0,590
"logShelfAreaShallow59","logShelfAreaShallow",24.1484135582567,599
"logMang59","logMang",14.3891046443978,599
"logtotalGearTonnes59","logtotalGearTonnes",13.8699976034309,599
"logProteinDiet59","logProteinDiet",9.22994212288923,599
"WGI59","WGI",7.3898002051286,599
"logGDP59","logGDP",6.13860707793942,599
"logChondCatch59","logChondCatch",5.52882619423076,599
"logCoastPop59","logCoastPop",4.94561246993851,599
"HDI59","HDI",3.80353407396019,599
"logEstDis59","logEstDis",3.17482475045239,599
"logFishEffort59","logFishEffort",2.33540613274455,599
"logPprodMean59","logPprodMean",2.02105681920865,599
"SstMean59","SstMean",1.67450561204428,599
"speciessmall59","speciessmall",0.588966940321566,599
"speciesgreen59","speciesgreen",0.580067921310191,599
"specieslarge59","specieslarge",0.18133387374619,599
"speciesdwarf59","speciesdwarf",0,599
"speciesnarrow59","speciesnarrow",0,599
"logShelfAreaShallow60","logShelfAreaShallow",25.8348202680999,610
"logtotalGearTonnes60","logtotalGearTonnes",14.5281743600377,610
"logMang60","logMang",14.2763320392586,610
"logProteinDiet60","logProteinDiet",9.26021375174081,610
"WGI60","WGI",7.33516959703025,610
"logGDP60","logGDP",5.50110762470614,610
"logCoastPop60","logCoastPop",4.94298107851711,610
"logChondCatch60","logChondCatch",4.53188813528567,610
"HDI60","HDI",3.50828483504412,610
"logFishEffort60","logFishEffort",2.75306434607782,610
"logEstDis60","logEstDis",2.65534206100455,610
"logPprodMean60","logPprodMean",2.31789430221721,610
"SstMean60","SstMean",1.40955573757878,610
"speciessmall60","speciessmall",0.425021015576569,610
"speciesgreen60","speciesgreen",0.411615068609139,610
"specieslarge60","specieslarge",0.308535779215625,610
"speciesdwarf60","speciesdwarf",0,610
"speciesnarrow60","speciesnarrow",0,610
"logShelfAreaShallow61","logShelfAreaShallow",24.9392387505367,619
"logtotalGearTonnes61","logtotalGearTonnes",14.5078985217588,619
"logMang61","logMang",14.2251716862689,619
"logProteinDiet61","logProteinDiet",9.08153938927266,619
"WGI61","WGI",6.84478215773353,619
"logGDP61","logGDP",5.87187994429541,619
"logCoastPop61","logCoastPop",4.81779516484996,619
"logChondCatch61","logChondCatch",4.68034637609043,619
"HDI61","HDI",4.04037371914396,619
"logEstDis61","logEstDis",3.5003439939417,619
"logPprodMean61","logPprodMean",2.51108720519042,619
"logFishEffort61","logFishEffort",2.3649657869203,619
"SstMean61","SstMean",1.46663519986478,619
"speciessmall61","speciessmall",0.504359093575971,619
"specieslarge61","specieslarge",0.387025097215557,619
"speciesgreen61","speciesgreen",0.256557913340909,619
"speciesdwarf61","speciesdwarf",0,619
"speciesnarrow61","speciesnarrow",0,619
"logShelfAreaShallow62","logShelfAreaShallow",26.7929933942457,629
"logMang62","logMang",15.2311718147777,629
"logtotalGearTonnes62","logtotalGearTonnes",15.2234368414815,629
"logProteinDiet62","logProteinDiet",9.08016971295478,629
"WGI62","WGI",7.38017858693388,629
"logCoastPop62","logCoastPop",5.17732440977963,629
"logGDP62","logGDP",4.65535083685827,629
"logChondCatch62","logChondCatch",4.55909110802776,629
"HDI62","HDI",3.24321883777735,629
"logEstDis62","logEstDis",2.62159329938034,629
"logFishEffort62","logFishEffort",2.17892480067533,629
"logPprodMean62","logPprodMean",1.49231043328157,629
"SstMean62","SstMean",1.367856325502,629
"speciessmall62","speciessmall",0.492595688366536,629
"speciesgreen62","speciesgreen",0.279551883831888,629
"specieslarge62","specieslarge",0.224232026125818,629
"speciesdwarf62","speciesdwarf",0,629
"speciesnarrow62","speciesnarrow",0,629
"logShelfAreaShallow63","logShelfAreaShallow",25.9863697801765,638
"logMang63","logMang",15.3925176665662,638
"logtotalGearTonnes63","logtotalGearTonnes",15.0465309888638,638
"logProteinDiet63","logProteinDiet",9.32187260912837,638
"WGI63","WGI",7.71971140432716,638
"logCoastPop63","logCoastPop",5.13880728701116,638
"logChondCatch63","logChondCatch",4.59203125175794,638
"logGDP63","logGDP",4.49872707224361,638
"HDI63","HDI",3.21525574343745,638
"logEstDis63","logEstDis",2.88016313406673,638
"logFishEffort63","logFishEffort",2.18043485236202,638
"logPprodMean63","logPprodMean",1.8203938662059,638
"SstMean63","SstMean",1.14947926039416,638
"speciessmall63","speciessmall",0.454738307078266,638
"speciesgreen63","speciesgreen",0.437874218158585,638
"specieslarge63","specieslarge",0.165092558222123,638
"speciesdwarf63","speciesdwarf",0,638
"speciesnarrow63","speciesnarrow",0,638
"logShelfAreaShallow64","logShelfAreaShallow",26.1703438929576,647
"logtotalGearTonnes64","logtotalGearTonnes",14.6231983623875,647
"logMang64","logMang",14.4373067997287,647
"logProteinDiet64","logProteinDiet",9.43522851346001,647
"WGI64","WGI",6.95832866757536,647
"logGDP64","logGDP",5.48962807639145,647
"logChondCatch64","logChondCatch",5.12748040866076,647
"logCoastPop64","logCoastPop",4.79258301061349,647
"HDI64","HDI",3.24581333711399,647
"logEstDis64","logEstDis",3.15917865779478,647
"logFishEffort64","logFishEffort",2.14454090101918,647
"logPprodMean64","logPprodMean",1.87803460264387,647
"SstMean64","SstMean",1.504177209603,647
"speciesgreen64","speciesgreen",0.510313400429637,647
"speciessmall64","speciessmall",0.426341424187693,647
"specieslarge64","specieslarge",0.0975027354329837,647
"speciesdwarf64","speciesdwarf",0,647
"speciesnarrow64","speciesnarrow",0,647
"logShelfAreaShallow65","logShelfAreaShallow",24.7206472838192,656
"logtotalGearTonnes65","logtotalGearTonnes",14.1283801555468,656
"logMang65","logMang",14.0321205508813,656
"logProteinDiet65","logProteinDiet",9.60278368527764,656
"WGI65","WGI",7.20092257926356,656
"logGDP65","logGDP",6.2210031879574,656
"logChondCatch65","logChondCatch",5.14333162378731,656
"logCoastPop65","logCoastPop",4.93948936266273,656
"HDI65","HDI",3.9650395635001,656
"logEstDis65","logEstDis",3.4220801071166,656
"logPprodMean65","logPprodMean",2.44100559522744,656
"logFishEffort65","logFishEffort",1.6515800158338,656
"SstMean65","SstMean",1.43959758477291,656
"speciesgreen65","speciesgreen",0.492335552290997,656
"speciessmall65","speciessmall",0.403703609787317,656
"specieslarge65","specieslarge",0.195979542274854,656
"speciesdwarf65","speciesdwarf",0,656
"speciesnarrow65","speciesnarrow",0,656
"logShelfAreaShallow66","logShelfAreaShallow",25.6422568972539,666
"logMang66","logMang",14.703090751103,666
"logtotalGearTonnes66","logtotalGearTonnes",14.6463983651037,666
"logProteinDiet66","logProteinDiet",8.34586078667676,666
"WGI66","WGI",6.71001811018919,666
"logGDP66","logGDP",5.44347942791049,666
"logCoastPop66","logCoastPop",4.73658847691597,666
"logChondCatch66","logChondCatch",4.60511382882223,666
"HDI66","HDI",3.9984781231265,666
"logEstDis66","logEstDis",3.82573230657618,666
"logFishEffort66","logFishEffort",2.45373716832056,666
"logPprodMean66","logPprodMean",2.13543355262792,666
"SstMean66","SstMean",1.72113365132767,666
"speciessmall66","speciessmall",0.441950620970484,666
"speciesgreen66","speciesgreen",0.438017508338321,666
"specieslarge66","specieslarge",0.152710424737215,666
"speciesdwarf66","speciesdwarf",0,666
"speciesnarrow66","speciesnarrow",0,666
"logShelfAreaShallow67","logShelfAreaShallow",25.5462702532123,676
"logtotalGearTonnes67","logtotalGearTonnes",15.0611642352411,676
"logMang67","logMang",14.7395461670832,676
"logProteinDiet67","logProteinDiet",8.61608755655265,676
"WGI67","WGI",7.06957632950052,676
"logCoastPop67","logCoastPop",5.3667681182073,676
"logChondCatch67","logChondCatch",5.01266752365552,676
"logGDP67","logGDP",4.94110193875414,676
"HDI67","HDI",4.18414194874339,676
"logEstDis67","logEstDis",3.25021100693053,676
"logFishEffort67","logFishEffort",2.30381655018799,676
"logPprodMean67","logPprodMean",1.72412526035638,676
"SstMean67","SstMean",1.30562860838288,676
"speciessmall67","speciessmall",0.416034689068471,676
"speciesgreen67","speciesgreen",0.276609519395239,676
"specieslarge67","specieslarge",0.186250294728417,676
"speciesdwarf67","speciesdwarf",0,676
"speciesnarrow67","speciesnarrow",0,676
"logShelfAreaShallow68","logShelfAreaShallow",25.3009231968755,683
"logMang68","logMang",14.745960335873,683
"logtotalGearTonnes68","logtotalGearTonnes",14.5549207827396,683
"logProteinDiet68","logProteinDiet",8.94328607611182,683
"WGI68","WGI",6.7961559548249,683
"logGDP68","logGDP",5.84560517123225,683
"logCoastPop68","logCoastPop",5.07344141928752,683
"logChondCatch68","logChondCatch",4.64929222804329,683
"logEstDis68","logEstDis",3.61915367805062,683
"HDI68","HDI",3.53268037516161,683
"logPprodMean68","logPprodMean",2.12563283856892,683
"logFishEffort68","logFishEffort",1.93967693625232,683
"SstMean68","SstMean",1.77328201019784,683
"speciessmall68","speciessmall",0.610175317719058,683
"speciesgreen68","speciesgreen",0.317212851295036,683
"specieslarge68","specieslarge",0.17260082776668,683
"speciesdwarf68","speciesdwarf",0,683
"speciesnarrow68","speciesnarrow",0,683
"logShelfAreaShallow69","logShelfAreaShallow",24.4456884131432,692
"logtotalGearTonnes69","logtotalGearTonnes",14.7172377969878,692
"logMang69","logMang",14.1947574460793,692
"logProteinDiet69","logProteinDiet",8.91544475032773,692
"WGI69","WGI",6.77063402407179,692
"logGDP69","logGDP",6.30466320020355,692
"logChondCatch69","logChondCatch",5.31217512220151,692
"logCoastPop69","logCoastPop",4.9895325513122,692
"HDI69","HDI",3.59648843707523,692
"logEstDis69","logEstDis",3.07515307432895,692
"logFishEffort69","logFishEffort",2.30280176422013,692
"logPprodMean69","logPprodMean",2.06529257465283,692
"SstMean69","SstMean",1.94781090164476,692
"speciessmall69","speciessmall",0.776662997932088,692
"speciesgreen69","speciesgreen",0.359551038192314,692
"specieslarge69","specieslarge",0.226105907626666,692
"speciesdwarf69","speciesdwarf",0,692
"speciesnarrow69","speciesnarrow",0,692
"logShelfAreaShallow70","logShelfAreaShallow",24.6640827532235,704
"logtotalGearTonnes70","logtotalGearTonnes",15.5680792796046,704
"logMang70","logMang",15.2495154462086,704
"logProteinDiet70","logProteinDiet",9.35546484857581,704
"WGI70","WGI",7.36454364966307,704
"logGDP70","logGDP",5.26765496915998,704
"logCoastPop70","logCoastPop",5.21965069417509,704
"logChondCatch70","logChondCatch",4.76052026540893,704
"HDI70","HDI",3.63502922974296,704
"logEstDis70","logEstDis",2.80047586160644,704
"logFishEffort70","logFishEffort",1.88817318003614,704
"SstMean70","SstMean",1.66316801408424,704
"logPprodMean70","logPprodMean",1.59329528844964,704
"speciessmall70","speciessmall",0.645109676604554,704
"speciesgreen70","speciesgreen",0.221380965596822,704
"specieslarge70","specieslarge",0.103855877859738,704
"speciesdwarf70","speciesdwarf",0,704
"speciesnarrow70","speciesnarrow",0,704
"logShelfAreaShallow71","logShelfAreaShallow",25.2001889009837,713
"logtotalGearTonnes71","logtotalGearTonnes",15.282711231632,713
"logMang71","logMang",14.9145103238216,713
"logProteinDiet71","logProteinDiet",9.20537697303119,713
"WGI71","WGI",7.09382834660013,713
"logGDP71","logGDP",5.14576487616844,713
"logCoastPop71","logCoastPop",4.92601747835201,713
"logChondCatch71","logChondCatch",4.34657117942771,713
"HDI71","HDI",3.85750689574969,713
"logEstDis71","logEstDis",3.24269992165752,713
"logFishEffort71","logFishEffort",2.86229337662965,713
"logPprodMean71","logPprodMean",1.56593528837187,713
"SstMean71","SstMean",1.32306368917354,713
"speciessmall71","speciessmall",0.51713856529813,713
"speciesgreen71","speciesgreen",0.38289931313611,713
"specieslarge71","specieslarge",0.133493639966715,713
"speciesdwarf71","speciesdwarf",0,713
"speciesnarrow71","speciesnarrow",0,713
"logShelfAreaShallow72","logShelfAreaShallow",26.1832444960839,723
"logMang72","logMang",15.2212799610089,723
"logtotalGearTonnes72","logtotalGearTonnes",14.188314524001,723
"logProteinDiet72","logProteinDiet",9.63344884559353,723
"WGI72","WGI",6.8777167493513,723
"logGDP72","logGDP",5.96183979758202,723
"logCoastPop72","logCoastPop",4.93128817480487,723
"logChondCatch72","logChondCatch",4.71815716690663,723
"HDI72","HDI",3.35155729216332,723
"logEstDis72","logEstDis",2.58244137931159,723
"logFishEffort72","logFishEffort",2.15764880402995,723
"logPprodMean72","logPprodMean",1.62794865084065,723
"SstMean72","SstMean",1.31054485208882,723
"speciessmall72","speciessmall",0.560039411797061,723
"speciesgreen72","speciesgreen",0.409835247032739,723
"specieslarge72","specieslarge",0.284694647403729,723
"speciesdwarf72","speciesdwarf",0,723
"speciesnarrow72","speciesnarrow",0,723
"logShelfAreaShallow73","logShelfAreaShallow",25.3962064949802,733
"logtotalGearTonnes73","logtotalGearTonnes",15.3456007494364,733
"logMang73","logMang",13.9066335854715,733
"logProteinDiet73","logProteinDiet",8.56966654273403,733
"WGI73","WGI",6.63762386021717,733
"logGDP73","logGDP",5.9279981194407,733
"logChondCatch73","logChondCatch",5.03590145630835,733
"logCoastPop73","logCoastPop",4.55030807922853,733
"HDI73","HDI",4.43016215633186,733
"logEstDis73","logEstDis",3.17412418827535,733
"logFishEffort73","logFishEffort",2.62260279705687,733
"logPprodMean73","logPprodMean",1.68170806641922,733
"SstMean73","SstMean",1.63122957880732,733
"speciessmall73","speciessmall",0.510927684163682,733
"speciesgreen73","speciesgreen",0.438172077597534,733
"specieslarge73","specieslarge",0.141134563531281,733
"speciesdwarf73","speciesdwarf",0,733
"speciesnarrow73","speciesnarrow",0,733
"logShelfAreaShallow74","logShelfAreaShallow",25.7760116621808,743
"logMang74","logMang",14.5480005289358,743
"logtotalGearTonnes74","logtotalGearTonnes",14.1676151085608,743
"logProteinDiet74","logProteinDiet",8.62508584248965,743
"WGI74","WGI",7.87322975400332,743
"logCoastPop74","logCoastPop",5.3356946561923,743
"logGDP74","logGDP",5.14732574851199,743
"logChondCatch74","logChondCatch",4.57897169868315,743
"HDI74","HDI",3.48429896277868,743
"logEstDis74","logEstDis",3.35387057245459,743
"logFishEffort74","logFishEffort",2.70432088453459,743
"SstMean74","SstMean",1.76695432888521,743
"logPprodMean74","logPprodMean",1.42939434271693,743
"speciessmall74","speciessmall",0.689803408460056,743
"speciesgreen74","speciesgreen",0.3506991890847,743
"specieslarge74","specieslarge",0.16872331152741,743
"speciesdwarf74","speciesdwarf",0,743
"speciesnarrow74","speciesnarrow",0,743
"logShelfAreaShallow75","logShelfAreaShallow",25.6229714885992,752
"logtotalGearTonnes75","logtotalGearTonnes",16.4326036409452,752
"logMang75","logMang",15.6882471050592,752
"logProteinDiet75","logProteinDiet",9.86120040313576,752
"WGI75","WGI",6.81362305603918,752
"logGDP75","logGDP",4.97394382642737,752
"logCoastPop75","logCoastPop",4.7049998320581,752
"logChondCatch75","logChondCatch",3.94849586844541,752
"logEstDis75","logEstDis",3.47225460236079,752
"HDI75","HDI",3.34653954664311,752
"logFishEffort75","logFishEffort",1.60500421872709,752
"logPprodMean75","logPprodMean",1.52148415264358,752
"SstMean75","SstMean",1.2182314075434,752
"speciessmall75","speciessmall",0.402079728179455,752
"speciesgreen75","speciesgreen",0.229952760588017,752
"specieslarge75","specieslarge",0.15836836260512,752
"speciesdwarf75","speciesdwarf",0,752
"speciesnarrow75","speciesnarrow",0,752
"logShelfAreaShallow76","logShelfAreaShallow",24.4576565495956,762
"logMang76","logMang",15.4813599728041,762
"logtotalGearTonnes76","logtotalGearTonnes",14.4442534002113,762
"logProteinDiet76","logProteinDiet",10.076288359326,762
"WGI76","WGI",7.63338905785194,762
"logGDP76","logGDP",5.47601398005563,762
"logChondCatch76","logChondCatch",4.17654984027458,762
"HDI76","HDI",3.88504967134407,762
"logCoastPop76","logCoastPop",3.86563279212911,762
"logEstDis76","logEstDis",3.11326819673316,762
"logFishEffort76","logFishEffort",2.64524076949338,762
"logPprodMean76","logPprodMean",2.28690356104734,762
"SstMean76","SstMean",1.47250527469078,762
"speciesgreen76","speciesgreen",0.37999435213065,762
"speciessmall76","speciessmall",0.379390064875211,762
"specieslarge76","specieslarge",0.226504157437075,762
"speciesdwarf76","speciesdwarf",0,762
"speciesnarrow76","speciesnarrow",0,762
"logShelfAreaShallow77","logShelfAreaShallow",24.9286258248504,772
"logMang77","logMang",15.4942922015949,772
"logtotalGearTonnes77","logtotalGearTonnes",15.1341418666651,772
"logProteinDiet77","logProteinDiet",8.8328968333412,772
"WGI77","WGI",7.74544437401733,772
"logGDP77","logGDP",5.06930789193748,772
"logCoastPop77","logCoastPop",4.85255412788742,772
"logChondCatch77","logChondCatch",4.81418389297586,772
"HDI77","HDI",3.25636702551075,772
"logEstDis77","logEstDis",2.75828698759605,772
"logFishEffort77","logFishEffort",2.3841558503349,772
"logPprodMean77","logPprodMean",2.09863534160726,772
"SstMean77","SstMean",1.49117652240063,772
"speciessmall77","speciessmall",0.577187835742783,772
"speciesgreen77","speciesgreen",0.318913353791541,772
"specieslarge77","specieslarge",0.243830069746454,772
"speciesdwarf77","speciesdwarf",0,772
"speciesnarrow77","speciesnarrow",0,772
"logShelfAreaShallow78","logShelfAreaShallow",25.6970750480945,780
"logtotalGearTonnes78","logtotalGearTonnes",15.139909843589,780
"logMang78","logMang",14.5095099915105,780
"logProteinDiet78","logProteinDiet",10.0824826345706,780
"WGI78","WGI",7.71049299872793,780
"logCoastPop78","logCoastPop",5.06420147318103,780
"logGDP78","logGDP",4.81838702270771,780
"logChondCatch78","logChondCatch",4.79180960021029,780
"HDI78","HDI",3.2880289257263,780
"logEstDis78","logEstDis",2.61491191054705,780
"logPprodMean78","logPprodMean",2.01202405159952,780
"SstMean78","SstMean",1.65111341209989,780
"logFishEffort78","logFishEffort",1.59029994126554,780
"speciessmall78","speciessmall",0.533194264800867,780
"speciesgreen78","speciesgreen",0.331136657807536,780
"specieslarge78","specieslarge",0.165422223561753,780
"speciesdwarf78","speciesdwarf",0,780
"speciesnarrow78","speciesnarrow",0,780
"logShelfAreaShallow79","logShelfAreaShallow",27.0320052494059,790
"logMang79","logMang",14.102101023932,790
"logtotalGearTonnes79","logtotalGearTonnes",13.5569021222153,790
"logProteinDiet79","logProteinDiet",8.76468822368278,790
"WGI79","WGI",7.94065401993175,790
"logGDP79","logGDP",5.40251685550543,790
"logCoastPop79","logCoastPop",4.98473508930896,790
"logChondCatch79","logChondCatch",4.85940580674367,790
"HDI79","HDI",3.73898659998428,790
"logEstDis79","logEstDis",3.00039397449553,790
"logFishEffort79","logFishEffort",2.17022657026167,790
"logPprodMean79","logPprodMean",1.83483305965336,790
"SstMean79","SstMean",1.58684220832619,790
"speciessmall79","speciessmall",0.61541983271005,790
"speciesgreen79","speciesgreen",0.32487618828272,790
"specieslarge79","specieslarge",0.0854131755603806,790
"speciesdwarf79","speciesdwarf",0,790
"speciesnarrow79","speciesnarrow",0,790
"logShelfAreaShallow80","logShelfAreaShallow",25.2163328489315,800
"logMang80","logMang",15.482640623291,800
"logtotalGearTonnes80","logtotalGearTonnes",14.7686036162405,800
"logProteinDiet80","logProteinDiet",9.39928802843787,800
"WGI80","WGI",7.36507357879761,800
"logChondCatch80","logChondCatch",5.17854315978131,800
"logGDP80","logGDP",4.62712493526766,800
"logCoastPop80","logCoastPop",3.70494235501613,800
"HDI80","HDI",3.51246659778359,800
"logEstDis80","logEstDis",3.03707312659644,800
"logPprodMean80","logPprodMean",2.58182203923439,800
"logFishEffort80","logFishEffort",2.45401495358392,800
"SstMean80","SstMean",1.44856756790529,800
"speciessmall80","speciessmall",0.631136261697787,800
"speciesgreen80","speciesgreen",0.424797811824447,800
"specieslarge80","specieslarge",0.167572495610652,800
"speciesdwarf80","speciesdwarf",0,800
"speciesnarrow80","speciesnarrow",0,800
"logShelfAreaShallow81","logShelfAreaShallow",27.6668706372688,810
"logtotalGearTonnes81","logtotalGearTonnes",16.314087334036,810
"logMang81","logMang",15.1246715757563,810
"logProteinDiet81","logProteinDiet",9.44334024478139,810
"WGI81","WGI",6.88133845954556,810
"logCoastPop81","logCoastPop",4.45571013659502,810
"logChondCatch81","logChondCatch",4.2628856769492,810
"logGDP81","logGDP",4.18378886037926,810
"HDI81","HDI",3.09632701988878,810
"logFishEffort81","logFishEffort",2.47769137741461,810
"logEstDis81","logEstDis",2.45470916938619,810
"logPprodMean81","logPprodMean",1.52616563131025,810
"SstMean81","SstMean",1.11204889512465,810
"speciessmall81","speciessmall",0.490913472830021,810
"speciesgreen81","speciesgreen",0.389841291343292,810
"specieslarge81","specieslarge",0.11961021739075,810
"speciesdwarf81","speciesdwarf",0,810
"speciesnarrow81","speciesnarrow",0,810
"logShelfAreaShallow82","logShelfAreaShallow",24.2124017695463,818
"logMang82","logMang",15.2791205314055,818
"logtotalGearTonnes82","logtotalGearTonnes",13.9031865634288,818
"logProteinDiet82","logProteinDiet",9.5402141815501,818
"WGI82","WGI",7.24536990799098,818
"logCoastPop82","logCoastPop",5.38213700185144,818
"logGDP82","logGDP",5.10860011941291,818
"logChondCatch82","logChondCatch",4.66262212639833,818
"HDI82","HDI",3.70770470461965,818
"logEstDis82","logEstDis",3.38200245131821,818
"logFishEffort82","logFishEffort",2.52667075590832,818
"logPprodMean82","logPprodMean",2.28658454756789,818
"SstMean82","SstMean",1.53464535429731,818
"speciessmall82","speciessmall",0.588186648018387,818
"speciesgreen82","speciesgreen",0.420574875700929,818
"specieslarge82","specieslarge",0.219978460984923,818
"speciesdwarf82","speciesdwarf",0,818
"speciesnarrow82","speciesnarrow",0,818
"logShelfAreaShallow83","logShelfAreaShallow",24.6411110383181,828
"logMang83","logMang",14.893535404565,828
"logtotalGearTonnes83","logtotalGearTonnes",14.4957611866658,828
"logProteinDiet83","logProteinDiet",9.15353410063455,828
"WGI83","WGI",7.03665796695186,828
"logGDP83","logGDP",5.61875728877799,828
"logCoastPop83","logCoastPop",5.23339034148376,828
"logChondCatch83","logChondCatch",4.93500885270841,828
"HDI83","HDI",3.64237276630194,828
"logEstDis83","logEstDis",3.17588820798422,828
"logFishEffort83","logFishEffort",2.12878673873811,828
"logPprodMean83","logPprodMean",2.1027182229706,828
"SstMean83","SstMean",1.54066187718983,828
"speciessmall83","speciessmall",0.821953003668588,828
"speciesgreen83","speciesgreen",0.377380768656708,828
"specieslarge83","specieslarge",0.202482234384553,828
"speciesdwarf83","speciesdwarf",0,828
"speciesnarrow83","speciesnarrow",0,828
"logShelfAreaShallow84","logShelfAreaShallow",24.695273213983,838
"logMang84","logMang",15.5165118639774,838
"logtotalGearTonnes84","logtotalGearTonnes",14.1478175696609,838
"logProteinDiet84","logProteinDiet",9.6296491979118,838
"WGI84","WGI",7.27309203251771,838
"logGDP84","logGDP",5.53658061244728,838
"logChondCatch84","logChondCatch",5.24543043132169,838
"logCoastPop84","logCoastPop",4.47829224005043,838
"HDI84","HDI",3.42343191069511,838
"logEstDis84","logEstDis",3.01379692982271,838
"logFishEffort84","logFishEffort",2.18770181749755,838
"logPprodMean84","logPprodMean",2.07566906190333,838
"SstMean84","SstMean",1.66287019146369,838
"speciessmall84","speciessmall",0.618513688681299,838
"speciesgreen84","speciesgreen",0.296939261659713,838
"specieslarge84","specieslarge",0.198429976406393,838
"speciesdwarf84","speciesdwarf",0,838
"speciesnarrow84","speciesnarrow",0,838
"logShelfAreaShallow85","logShelfAreaShallow",25.5551532575821,848
"logMang85","logMang",16.2728319548764,848
"logtotalGearTonnes85","logtotalGearTonnes",14.408200933611,848
"logProteinDiet85","logProteinDiet",9.38192985548166,848
"WGI85","WGI",7.54066645143035,848
"logGDP85","logGDP",5.1154937287796,848
"logChondCatch85","logChondCatch",4.40796873099174,848
"logCoastPop85","logCoastPop",4.36328970144022,848
"HDI85","HDI",3.6051801176511,848
"logEstDis85","logEstDis",3.08885505121833,848
"logFishEffort85","logFishEffort",2.06080951813511,848
"logPprodMean85","logPprodMean",1.90748499337634,848
"SstMean85","SstMean",1.2708138389249,848
"speciessmall85","speciessmall",0.603565242077254,848
"speciesgreen85","speciesgreen",0.251056264944327,848
"specieslarge85","specieslarge",0.166700359479597,848
"speciesdwarf85","speciesdwarf",0,848
"speciesnarrow85","speciesnarrow",0,848
"logShelfAreaShallow86","logShelfAreaShallow",23.1899221468073,857
"logMang86","logMang",14.3940623644788,857
"logtotalGearTonnes86","logtotalGearTonnes",14.0979962454616,857
"logProteinDiet86","logProteinDiet",9.81981779852567,857
"WGI86","WGI",7.36104553200678,857
"logGDP86","logGDP",6.42336765029133,857
"logCoastPop86","logCoastPop",5.41935640334433,857
"logChondCatch86","logChondCatch",5.25634629136747,857
"HDI86","HDI",4.26842745212977,857
"logEstDis86","logEstDis",2.63881891543301,857
"logFishEffort86","logFishEffort",2.56086383340849,857
"logPprodMean86","logPprodMean",2.0697470624269,857
"SstMean86","SstMean",1.3663692607881,857
"speciessmall86","speciessmall",0.646036069997825,857
"speciesgreen86","speciesgreen",0.262998083331644,857
"specieslarge86","specieslarge",0.224824890200919,857
"speciesdwarf86","speciesdwarf",0,857
"speciesnarrow86","speciesnarrow",0,857
